{
    "train_loss": [
        0.10580437120500823,
        0.08804622324882407,
        0.06488150987887405,
        0.046160592546908304,
        0.035133475230221464,
        0.02845144109677058,
        0.02444189356429632,
        0.02184429455835094,
        0.01965612366593334,
        0.018811386652968765,
        0.017618575593693064,
        0.01619804567928075,
        0.016107367317753588,
        0.015505211500720562,
        0.01487843992377125,
        0.014463882688751262,
        0.014414456486146247,
        0.013711906722001205,
        0.013999452650873188,
        0.013691572873196967,
        0.01361699915416039,
        0.00857934457873936,
        0.006649810253849107,
        0.006065433289871492,
        0.005918081449939902,
        0.005492822052043326,
        0.003899287920674505,
        0.002909642664869476,
        0.002487669312788259
    ],
    "val_loss": [
        0.09977150547678466,
        0.07843103428354482,
        0.05784132552448571,
        0.04353164480659602,
        0.036745370426341545,
        0.02967539891893047,
        0.02473882721360477,
        0.025310431059634514,
        0.025126473137498256,
        0.023008661074113135,
        0.022078456624347213,
        0.02275648557441021,
        0.021688726752523427,
        0.020707357268957918,
        0.019153128596627517,
        0.021105588286207937,
        0.018646486346520826,
        0.018843244469915317,
        0.019063294301259557,
        0.020220041668358463,
        0.021154434728811775,
        0.014939074212619537,
        0.016476939248933314,
        0.01611633563755738,
        0.017207307938188355,
        0.01706093746198276,
        0.016688784810629662,
        0.01819293938884044,
        0.01732849692467059
    ],
    "val_auroc": [
        0.8271871595949732,
        0.9102860839457259,
        0.957294391181804,
        0.9773799993818928,
        0.9829576158320534,
        0.9890208764012902,
        0.9913701743492477,
        0.9917726805288016,
        0.9925742388784662,
        0.9916241976552362,
        0.9931962339170765,
        0.9927313680706338,
        0.9936541070321714,
        0.993369814269328,
        0.993599512674282,
        0.9939274639809446,
        0.9932564633479256,
        0.9945544028388262,
        0.9939103102721774,
        0.9945896070789564,
        0.9941227081334303,
        0.9961844355110221,
        0.9961626000268654,
        0.9954791602159538,
        0.9965145498092096,
        0.9958537971250709,
        0.9961937911553046,
        0.9962315887262658,
        0.9961172302913176
    ],
    "val_auprc": [
        0.12197264458053776,
        0.345633027313144,
        0.5747331497639234,
        0.7312790767046256,
        0.7980528297830211,
        0.860382827979927,
        0.8952941539336612,
        0.8922024648968875,
        0.904969656757407,
        0.9095218888122556,
        0.9226004530605394,
        0.9198275779025052,
        0.9174521948436944,
        0.928910810140567,
        0.9346311073448526,
        0.9401941349881879,
        0.9381015685269571,
        0.9379680874936734,
        0.939878584695683,
        0.93381469595293,
        0.9356705006054864,
        0.9645894539182283,
        0.9645162305811379,
        0.9632310464664453,
        0.9627688304013665,
        0.9611796647052715,
        0.9697049599516456,
        0.9713184923189855,
        0.9710297823365067
    ]
}